<?xml version="1.0" encoding="UTF-8"?>
<saml2p:SubjectQuery
        xmlns:saml2p="urn:oasis:names:tc:SAML:2.0:protocol" ID="105421439"
        IssueInstant="2011-05-18T16:09:18.862Z" Version="2.0">
    <saml2:Issuer
            xmlns:saml2="urn:oasis:names:tc:SAML:
2.0:assertion">urn:dece:exampleorg:node1
    </saml2:Issuer>
    <ds:Signature
            xmlns:ds="http://www.w3.org/2000/09/xmldsig#">
        <ds:SignedInfo>
            <ds:CanonicalizationMethod Algorithm="http://www.w3.org/2001/10/xml-
exc-c14n#"/>
            <ds:SignatureMethod Algorithm="http://www.w3.org/2000/09/xmldsig#rsa-
sha1"/>
            <ds:Reference URI="#105421439">
                <ds:Transforms>
                    <ds:Transform Algorithm="http://www.w3.org/2000/09/xmldsig#enveloped-
signature"/>
                    <ds:Transform Algorithm="http://www.w3.org/2001/10/xml-exc-
c14n#">
                        <ec:InclusiveNamespaces xmlns:ec="http://www.w3.org/2001/10/xml-
exc-c14n#" PrefixList="dece ds md saml2 saml2p"/>
                    </ds:Transform>
                </ds:Transforms>
                <ds:DigestMethod Algorithm="http://www.w3.org/2000/09/xmldsig#sha1"/>
                <ds:DigestValue>1hxoHg/DgfibjpOHAXHuuMahNJw=</ds:DigestValue>
            </ds:Reference>
        </ds:SignedInfo>
        <ds:SignatureValue>..
        </ds:SignatureValue>
        <ds:KeyInfo>
            <ds:X509Data>
                <ds:X509Certificate>..</ds:X509Certificate>
            </ds:X509Data>
        </ds:KeyInfo>
    </
            ds:Signature>
    <md:Extensions xmlns:md="urn:oasis:names:tc:SAML:
2.0:metadata">
        <dece:PolicyList xmlns:dece="http://www.decellc.org/
schema/2010/10/ 
dece">
            <dece:Policy>
                <dece:PolicyClass>urn:dece:type:policy:userlinkconsent
                </
                        dece:PolicyClass>
                <dece:PolicyAuthority>urn:dece:coordinator
                </
                        dece:PolicyAuthority>
                <dece:ResourceStatus/>
            </
                    dece:Policy>
            <dece:Policy>
                <dece:PolicyClass>urn:dece:type:policy:manageuserconsent
                </
                        dece:PolicyClass>
                <dece:PolicyAuthority>urn:dece:coordinator
                </
                        dece:PolicyAuthority>
            </dece:Policy>
        </dece:PolicyList>
    </
            md:Extensions>
    <saml2:Subject xmlns:saml2="urn:oasis:names:tc:SAML:
2.0:assertion">
        <saml2:NameID Format="urn:oasis:names:tc:SAML:
2.0:nameid-format:persistent">DarkAvenger
        </saml2:NameID>
    </
            saml2:Subject>
</saml2p:SubjectQuery>
